"url","user_sid","Year","MakeModel1","MakeModel2","Trim","BodyStyle","StockNumber","Vin","Kilometers","Price","MSRP","SpecialPrice","WholesalePrice","PurchasedFrom","Transmission","ExteriorColor","InteriorColor","SellerComments","VehicleOptions","pictures","Engine","DriveType","Doors","Passengers","FuelType","EngineSize","Height","Length","CityFuelEconomy","HwyFuelEconomy","Sold","WebsiteFeaturedAd","Condition","vMake","vModel","Address","City","Location","Postcode","SellerType","first_activation_date"
"https://apnamotors.com/cars/used/2016-ram-1500-38792","","2016","","1500","4WD Crew Cab 140.5"" SLT","","307249","1C6RR7LM1G6307249","130049","28999","","","","","","Blue","Black","","","https://hillzimage.blob.core.windows.net/apnamotorsltd/2016-Ram-1500-6807005742023906.jpg;https://hillzimage.blob.core.windows.net/apnamotorsltd/2016-Ram-1500-14634209765290063.jpg;https://hillzimage.blob.core.windows.net/apnamotorsltd/2016-Ram-1500-7636118789044313.jpg;https://hillzimage.blob.core.windows.net/apnamotorsltd/2016-Ram-1500-6082104823417254.jpg;https://hillzimage.blob.core.windows.net/apnamotorsltd/2016-Ram-1500-935823645597504.jpg;https://hillzimage.blob.core.windows.net/apnamotorsltd/2016-Ram-1500-024102030526323093.jpg;https://hillzimage.blob.core.windows.net/apnamotorsltd/2016-Ram-1500-30279675128617534.jpg;https://hillzimage.blob.core.windows.net/apnamotorsltd/2016-Ram-1500-6013591395918361.jpg;https://hillzimage.blob.core.windows.net/apnamotorsltd/2016-Ram-1500-44812073274302744.jpg;https://hillzimage.blob.core.windows.net/apnamotorsltd/2016-Ram-1500-14647040432787395.jpg;https://hillzimage.blob.core.windows.net/apnamotorsltd/2016-Ram-1500-7604933422991185.jpg;https://hillzimage.blob.core.windows.net/apnamotorsltd/2016-Ram-1500-8634740515702748.jpg","6 Cylinder","4X4","4","","Diesel","3.0 L L","","","12.1 L/100KM","8.8 L/100KM","","","Used","","","","","","","Dealer",""
"https://apnamotors.com/cars/used/2018-land%20rover-range%20rover%20sport-9450","","2018","","Range Rover Sport","Td6 Diesel HSE","","198758","SALWR2RK9JA198758","104000","62999","","","","","","White","Black","","","https://hillzimage.blob.core.windows.net/apnamotorsltd/2018-LandRover-RangeRover-956543559628201.jpg;https://hillzimage.blob.core.windows.net/apnamotorsltd/2018-LandRover-RangeRover-327741374773868.jpg;https://hillzimage.blob.core.windows.net/apnamotorsltd/2018-LandRover-RangeRover-32764314677513484.jpg;https://hillzimage.blob.core.windows.net/apnamotorsltd/2018-LandRover-RangeRover-9184489292024496.jpg;https://hillzimage.blob.core.windows.net/apnamotorsltd/2018-LandRover-RangeRover-3317182421556917.jpg;https://hillzimage.blob.core.windows.net/apnamotorsltd/2018-LandRover-RangeRover-7149689384016924.jpg;https://hillzimage.blob.core.windows.net/apnamotorsltd/2018-LandRover-RangeRover-512450872047806.jpg;https://hillzimage.blob.core.windows.net/apnamotorsltd/2018-LandRover-RangeRover-1880699936929291.jpg;https://hillzimage.blob.core.windows.net/apnamotorsltd/2018-LandRover-RangeRover-634933278923203.jpg;https://hillzimage.blob.core.windows.net/apnamotorsltd/2018-LandRover-RangeRover-9005902543962889.jpg;https://hillzimage.blob.core.windows.net/apnamotorsltd/2018-LandRover-RangeRover-1485677362825948.jpg;https://hillzimage.blob.core.windows.net/apnamotorsltd/2018-LandRover-RangeRover-8998541153882698.jpg;https://hillzimage.blob.core.windows.net/apnamotorsltd/2018-LandRover-RangeRover-9769559846938072.jpg;https://hillzimage.blob.core.windows.net/apnamotorsltd/2018-LandRover-RangeRover-3607269824088619.jpg;https://hillzimage.blob.core.windows.net/apnamotorsltd/2018-LandRover-RangeRover-6841817188713366.jpg;https://hillzimage.blob.core.windows.net/apnamotorsltd/2018-LandRover-RangeRover-046627840451583635.jpg","6 Cylinder","4X4","4","","Diesel","3.0 L L","","","10.7 L/100KM","8.3 L/100KM","","","Used","","","","","","","Dealer",""
"https://apnamotors.com/cars/used/2016-dodge-grand%20caravan-38687","","2016","","Grand Caravan","4dr Wgn Crew Plus","","373775","2C4RDGDG9GR373775","138000","18999","","","","","","Gray","Black","","","https://hillzimage.blob.core.windows.net/apnamotorsltd/2016-Dodge-GrandCaravan-20983342904700786.jpg;https://hillzimage.blob.core.windows.net/apnamotorsltd/2016-Dodge-GrandCaravan-9451522889135435.jpg;https://hillzimage.blob.core.windows.net/apnamotorsltd/2016-Dodge-GrandCaravan-348977097733256.jpg;https://hillzimage.blob.core.windows.net/apnamotorsltd/2016-Dodge-GrandCaravan-6481425298981411.jpg;https://hillzimage.blob.core.windows.net/apnamotorsltd/2016-Dodge-GrandCaravan-16997673574083194.jpg;https://hillzimage.blob.core.windows.net/apnamotorsltd/2016-Dodge-GrandCaravan-375941501287407.jpg;https://hillzimage.blob.core.windows.net/apnamotorsltd/2016-Dodge-GrandCaravan-7633907101586033.jpg;https://hillzimage.blob.core.windows.net/apnamotorsltd/2016-Dodge-GrandCaravan-1362577447978348.jpg;https://hillzimage.blob.core.windows.net/apnamotorsltd/2016-Dodge-GrandCaravan-35630580537497947.jpg;https://hillzimage.blob.core.windows.net/apnamotorsltd/2016-Dodge-GrandCaravan-2856426466183737.jpg;https://hillzimage.blob.core.windows.net/apnamotorsltd/2016-Dodge-GrandCaravan-09506917488629085.jpg;https://hillzimage.blob.core.windows.net/apnamotorsltd/2016-Dodge-GrandCaravan-7115526084707191.jpg;https://hillzimage.blob.core.windows.net/apnamotorsltd/2016-Dodge-GrandCaravan-6606580053313476.jpg;https://hillzimage.blob.core.windows.net/apnamotorsltd/2016-Dodge-GrandCaravan-1848419854897989.jpg;https://hillzimage.blob.core.windows.net/apnamotorsltd/2016-Dodge-GrandCaravan-07104394884238263.jpg","6 Cylinder","FWD","4","","Gasoline","3.6 L L","","","13.7 L/100KM","9.4 L/100KM","","","Used","","","","","","","Dealer",""
"https://apnamotors.com/cars/used/2019-dodge-grand%20caravan-37667","","2019","","Grand Caravan","Canada Value Package 2WD","","719846","2C4RDGBG1KR719846","159750","18999","","","","","","White","Black","","","https://hillzimage.blob.core.windows.net/apnamotorsltd/2019-Dodge-GrandCaravan-48526217532127136.jpg;https://hillzimage.blob.core.windows.net/apnamotorsltd/2019-Dodge-GrandCaravan-8141615877756008.jpg;https://hillzimage.blob.core.windows.net/apnamotorsltd/2019-Dodge-GrandCaravan-16545860570484683.jpg;https://hillzimage.blob.core.windows.net/apnamotorsltd/2019-Dodge-GrandCaravan-572817665039447.jpg;https://hillzimage.blob.core.windows.net/apnamotorsltd/2019-Dodge-GrandCaravan-37515789522775167.jpg;https://hillzimage.blob.core.windows.net/apnamotorsltd/2019-Dodge-GrandCaravan-15815790718520883.jpg;https://hillzimage.blob.core.windows.net/apnamotorsltd/2019-Dodge-GrandCaravan-8012135025969367.jpg;https://hillzimage.blob.core.windows.net/apnamotorsltd/2019-Dodge-GrandCaravan-2894661698006926.jpg;https://hillzimage.blob.core.windows.net/apnamotorsltd/2019-Dodge-GrandCaravan-1036197848471736.jpg;https://hillzimage.blob.core.windows.net/apnamotorsltd/2019-Dodge-GrandCaravan-07030527787413243.jpg;https://hillzimage.blob.core.windows.net/apnamotorsltd/2019-Dodge-GrandCaravan-40859044740117234.jpg;https://hillzimage.blob.core.windows.net/apnamotorsltd/2019-Dodge-GrandCaravan-8561679880568465.jpg;https://hillzimage.blob.core.windows.net/apnamotorsltd/2019-Dodge-GrandCaravan-03206798224974183.jpg;https://hillzimage.blob.core.windows.net/apnamotorsltd/2019-Dodge-GrandCaravan-47027619717872615.jpg;https://hillzimage.blob.core.windows.net/apnamotorsltd/2019-Dodge-GrandCaravan-38237334273794543.jpg;https://hillzimage.blob.core.windows.net/apnamotorsltd/2019-Dodge-GrandCaravan-5204339759871028.jpg","6 Cylinder","FWD","4","","Gasoline","3.6 L L","","","13.7 L/100KM","9.4 L/100KM","","","Used","","","","","","","Dealer",""
"https://apnamotors.com/cars/used/2016-dodge-grand%20caravan-36404","","2016","","Grand Caravan","4dr Wgn Canada Value Package","","264506","2C4RDGBG3GR264506","94207","18999","","","","","","Gold","Black","","","https://hillzimage.blob.core.windows.net/apnamotorsltd/2016-Dodge-GrandCaravan-25927161132405074.jpg;https://hillzimage.blob.core.windows.net/apnamotorsltd/2016-Dodge-GrandCaravan-3827565516356297.jpg;https://hillzimage.blob.core.windows.net/apnamotorsltd/2016-Dodge-GrandCaravan-789400029992928.jpg;https://hillzimage.blob.core.windows.net/apnamotorsltd/2016-Dodge-GrandCaravan-000599286885485828.jpg;https://hillzimage.blob.core.windows.net/apnamotorsltd/2016-Dodge-GrandCaravan-633101515251923.jpg;https://hillzimage.blob.core.windows.net/apnamotorsltd/2016-Dodge-GrandCaravan-5507332265694529.jpg;https://hillzimage.blob.core.windows.net/apnamotorsltd/2016-Dodge-GrandCaravan-255512264068279.jpg;https://hillzimage.blob.core.windows.net/apnamotorsltd/2016-Dodge-GrandCaravan-9214185457390054.jpg;https://hillzimage.blob.core.windows.net/apnamotorsltd/2016-Dodge-GrandCaravan-5721484195785496.jpg;https://hillzimage.blob.core.windows.net/apnamotorsltd/2016-Dodge-GrandCaravan-8723782669464863.jpg;https://hillzimage.blob.core.windows.net/apnamotorsltd/2016-Dodge-GrandCaravan-5094367744559944.jpg;https://hillzimage.blob.core.windows.net/apnamotorsltd/2016-Dodge-GrandCaravan-7349516970867311.jpg;https://hillzimage.blob.core.windows.net/apnamotorsltd/2016-Dodge-GrandCaravan-6703585777788967.jpg;https://hillzimage.blob.core.windows.net/apnamotorsltd/2016-Dodge-GrandCaravan-23406448044073858.jpg;https://hillzimage.blob.core.windows.net/apnamotorsltd/2016-Dodge-GrandCaravan-2643209488371019.jpg;https://hillzimage.blob.core.windows.net/apnamotorsltd/2016-Dodge-GrandCaravan-4137430536953546.jpg","6 Cylinder","FWD","4","","Gasoline","3.6 L L","","","13.7 L/100KM","9.4 L/100KM","","","Used","","","","","","","Dealer",""
"https://apnamotors.com/cars/used/2021-toyota-camry-15520","","2021","","Camry","Hybrid LE Auto","","031279","4T1C31AK7MU031279","28000","39999","","","","","","Black","Black","","","https://hillzimage.blob.core.windows.net/apnamotorsltd/2021-Toyota-Camry-06343533772396182.jpg;https://hillzimage.blob.core.windows.net/apnamotorsltd/2021-Toyota-Camry-5032758791517258.jpg;https://hillzimage.blob.core.windows.net/apnamotorsltd/2021-Toyota-Camry-06504219784471243.jpg;https://hillzimage.blob.core.windows.net/apnamotorsltd/2021-Toyota-Camry-18353041938776737.jpg;https://hillzimage.blob.core.windows.net/apnamotorsltd/2021-Toyota-Camry-6969512161853704.jpg;https://hillzimage.blob.core.windows.net/apnamotorsltd/2021-Toyota-Camry-9733656225137888.jpg;https://hillzimage.blob.core.windows.net/apnamotorsltd/2021-Toyota-Camry-6128036432571189.jpg;https://hillzimage.blob.core.windows.net/apnamotorsltd/2021-Toyota-Camry-39416110569665785.jpg;https://hillzimage.blob.core.windows.net/apnamotorsltd/2021-Toyota-Camry-6930445774563594.jpg;https://hillzimage.blob.core.windows.net/apnamotorsltd/2021-Toyota-Camry-8227168354516752.jpg;https://hillzimage.blob.core.windows.net/apnamotorsltd/2021-Toyota-Camry-48039890502253524.jpg;https://hillzimage.blob.core.windows.net/apnamotorsltd/2021-Toyota-Camry-8249747135398655.jpg;https://hillzimage.blob.core.windows.net/apnamotorsltd/2021-Toyota-Camry-41826197637696483.jpg;https://hillzimage.blob.core.windows.net/apnamotorsltd/2021-Toyota-Camry-8241880437692377.jpg;https://hillzimage.blob.core.windows.net/apnamotorsltd/2021-Toyota-Camry-8622334475326408.jpg;https://hillzimage.blob.core.windows.net/apnamotorsltd/2021-Toyota-Camry-5000451269839765.jpg","Electric","FWD","4","","Hybrid","Electric L","","","4.9 L/100KM","4.8 L/100KM","","","Used","","","","","","","Dealer",""
"https://apnamotors.com/cars/used/2017-ram-2500-37526","","2017","","2500","4WD Crew Cab CUMMINS DIESEL","","509134","3C6UR5DL1HG509134","132000","52999","","","","","","White","Gray","","","https://hillzimage.blob.core.windows.net/apnamotorsltd/2017-Ram-2500-9834060523359938.jpg;https://hillzimage.blob.core.windows.net/apnamotorsltd/2017-Ram-2500-24824539898310571.jpg;https://hillzimage.blob.core.windows.net/apnamotorsltd/2017-Ram-2500-7646003998557183.jpg;https://hillzimage.blob.core.windows.net/apnamotorsltd/2017-Ram-2500-790011550328166.jpg;https://hillzimage.blob.core.windows.net/apnamotorsltd/2017-Ram-2500-6951732302335634.jpg;https://hillzimage.blob.core.windows.net/apnamotorsltd/2017-Ram-2500-9704948085028051.jpg;https://hillzimage.blob.core.windows.net/apnamotorsltd/2017-Ram-2500-9988127603257047.jpg;https://hillzimage.blob.core.windows.net/apnamotorsltd/2017-Ram-2500-2866112359901163.jpg;https://hillzimage.blob.core.windows.net/apnamotorsltd/2017-Ram-2500-5050485393293014.jpg;https://hillzimage.blob.core.windows.net/apnamotorsltd/2017-Ram-2500-567658585161442.jpg;https://hillzimage.blob.core.windows.net/apnamotorsltd/2017-Ram-2500-7166198079587767.jpg;https://hillzimage.blob.core.windows.net/apnamotorsltd/2017-Ram-2500-6721999096683917.jpg;https://hillzimage.blob.core.windows.net/apnamotorsltd/2017-Ram-2500-3486246179642567.jpg;https://hillzimage.blob.core.windows.net/apnamotorsltd/2017-Ram-2500-1710600698730833.jpg;https://hillzimage.blob.core.windows.net/apnamotorsltd/2017-Ram-2500-9535120161827226.jpg;https://hillzimage.blob.core.windows.net/apnamotorsltd/2017-Ram-2500-8184663124059701.jpg;https://hillzimage.blob.core.windows.net/apnamotorsltd/2017-Ram-2500-5753880472033637.jpg","6 Cylinder","4X4","4","","Diesel","6.7 L L","","","L/100KM","L/100KM","","","Used","","","","","","","Dealer",""
"https://apnamotors.com/cars/used/2015-chevrolet-silverado%201500-11006","","2015","","Silverado 1500","4WD Crew Cab Z71","","341721","3GCUKREH3FG341721","149750","28999","","","","","","White","Black","","","https://hillzimage.blob.core.windows.net/apnamotorsltd/2015-Chevrolet-Silverado1500-09978772140809089.jpg;https://hillzimage.blob.core.windows.net/apnamotorsltd/2015-Chevrolet-Silverado1500-5976294166900029.jpg;https://hillzimage.blob.core.windows.net/apnamotorsltd/2015-Chevrolet-Silverado1500-927505424255654.jpg;https://hillzimage.blob.core.windows.net/apnamotorsltd/2015-Chevrolet-Silverado1500-6482122915327031.jpg;https://hillzimage.blob.core.windows.net/apnamotorsltd/2015-Chevrolet-Silverado1500-7755691474491473.jpg;https://hillzimage.blob.core.windows.net/apnamotorsltd/2015-Chevrolet-Silverado1500-9189503827272612.jpg;https://hillzimage.blob.core.windows.net/apnamotorsltd/2015-Chevrolet-Silverado1500-417216334035859.jpg;https://hillzimage.blob.core.windows.net/apnamotorsltd/2015-Chevrolet-Silverado1500-3983465304857854.jpg;https://hillzimage.blob.core.windows.net/apnamotorsltd/2015-Chevrolet-Silverado1500-1329099150368378.jpg;https://hillzimage.blob.core.windows.net/apnamotorsltd/2015-Chevrolet-Silverado1500-8713329550589983.jpg;https://hillzimage.blob.core.windows.net/apnamotorsltd/2015-Chevrolet-Silverado1500-20412132576344022.jpg;https://hillzimage.blob.core.windows.net/apnamotorsltd/2015-Chevrolet-Silverado1500-4880127420782694.jpg;https://hillzimage.blob.core.windows.net/apnamotorsltd/2015-Chevrolet-Silverado1500-8559641333113164.jpg;https://hillzimage.blob.core.windows.net/apnamotorsltd/2015-Chevrolet-Silverado1500-9598341372219712.jpg;https://hillzimage.blob.core.windows.net/apnamotorsltd/2015-Chevrolet-Silverado1500-8343319695405151.jpg","8","4X4","4","","Flex Capability","5.3 L L","","","14.1 L/100KM","10.6 L/100KM","","","Used","","","","","","","Dealer",""
"https://apnamotors.com/cars/used/2018-honda-odyssey-25284","","2018","","Odyssey","Touring Auto","","500579","5FNRL6H86JB500579","117000","35899","","","","","","White","Black","","","https://hillzimage.blob.core.windows.net/apnamotorsltd/2018-Honda-Odyssey-2333804978610401.jpg;https://hillzimage.blob.core.windows.net/apnamotorsltd/2018-Honda-Odyssey-8307376587452109.jpg;https://hillzimage.blob.core.windows.net/apnamotorsltd/2018-Honda-Odyssey-4296660685324152.jpg;https://hillzimage.blob.core.windows.net/apnamotorsltd/2018-Honda-Odyssey-1591092031981527.jpg;https://hillzimage.blob.core.windows.net/apnamotorsltd/2018-Honda-Odyssey-48833915602741085.jpg;https://hillzimage.blob.core.windows.net/apnamotorsltd/2018-Honda-Odyssey-9126837997263972.jpg;https://hillzimage.blob.core.windows.net/apnamotorsltd/2018-Honda-Odyssey-40868451723885935.jpg;https://hillzimage.blob.core.windows.net/apnamotorsltd/2018-Honda-Odyssey-13489425644055197.jpg;https://hillzimage.blob.core.windows.net/apnamotorsltd/2018-Honda-Odyssey-17889795336919811.jpg;https://hillzimage.blob.core.windows.net/apnamotorsltd/2018-Honda-Odyssey-9507718612831386.jpg;https://hillzimage.blob.core.windows.net/apnamotorsltd/2018-Honda-Odyssey-11259457584510502.jpg;https://hillzimage.blob.core.windows.net/apnamotorsltd/2018-Honda-Odyssey-4095638428960746.jpg;https://hillzimage.blob.core.windows.net/apnamotorsltd/2018-Honda-Odyssey-26457383841799476.jpg;https://hillzimage.blob.core.windows.net/apnamotorsltd/2018-Honda-Odyssey-3304602157628018.jpg;https://hillzimage.blob.core.windows.net/apnamotorsltd/2018-Honda-Odyssey-40172404505391546.jpg","6 Cylinder","FWD","4","","Gasoline","3.5 L L","","","12.2 L/100KM","8.5 L/100KM","","","Used","","","","","","","Dealer",""
"https://apnamotors.com/cars/used/2018-mercedesbenz-cclass-4432","","2018","","C-Class","AMG C 43 4MATIC Cabriolet","","583231","WDDWK6EB1JF626064","27705","59999","","","","","","Black","Beige","","","https://hillzimage.blob.core.windows.net/apnamotorsltd/2018-Mercedes-Benz-C-Class-3-33178653770851585.jpg;https://hillzimage.blob.core.windows.net/apnamotorsltd/2018-Mercedes-Benz-C-Class-4-09816738124014668.jpg;https://hillzimage.blob.core.windows.net/apnamotorsltd/2018-Mercedes-Benz-C-Class-5-4233300842205634.jpg;https://hillzimage.blob.core.windows.net/apnamotorsltd/2018-Mercedes-Benz-C-Class-6-1442222975126206.jpg;https://hillzimage.blob.core.windows.net/apnamotorsltd/2018-Mercedes-Benz-C-Class-7-19388240254009936.jpg;https://hillzimage.blob.core.windows.net/apnamotorsltd/2018-Mercedes-Benz-C-Class-8-6131838009170132.jpg;https://hillzimage.blob.core.windows.net/apnamotorsltd/2018-Mercedes-Benz-C-Class-9-4172866081512927.jpg;https://hillzimage.blob.core.windows.net/apnamotorsltd/2018-Mercedes-Benz-C-Class-10-4465784451319521.jpg;https://hillzimage.blob.core.windows.net/apnamotorsltd/2018-Mercedes-Benz-C-Class-11-31064633607312286.jpg;https://hillzimage.blob.core.windows.net/apnamotorsltd/2018-Mercedes-Benz-C-Class-12-29288130587913264.jpg;https://hillzimage.blob.core.windows.net/apnamotorsltd/2018-Mercedes-Benz-C-Class-13-30492285427259325.jpg;https://hillzimage.blob.core.windows.net/apnamotorsltd/2018-Mercedes-Benz-C-Class-14-08388543946181093.jpg;https://hillzimage.blob.core.windows.net/apnamotorsltd/2018-Mercedes-Benz-C-Class-28-8793196468701272.jpg;https://hillzimage.blob.core.windows.net/apnamotorsltd/2018-Mercedes-Benz-C-Class-1-5019682451195475.jpg;https://hillzimage.blob.core.windows.net/apnamotorsltd/2018-Mercedes-Benz-C-Class-2-8757971222522491.jpg","6 Cylinder","AWD","4","","Gasoline","3.0 L L","","","12.3 L/100KM","9.4 L/100KM","","","Used","","","","","","","Dealer",""
"https://apnamotors.com/cars/used/2017-jaguar-xe-32724","","2017","","XE","4dr Sdn I4 Prestige","","952794","SAJAK4BN2HA952794","89228","19999","","","","","","Blue","Black","","","https://hillzimage.blob.core.windows.net/apnamotorsltd/2017-Jaguar-XE-03302495333914446.jpg;https://hillzimage.blob.core.windows.net/apnamotorsltd/2017-Jaguar-XE-8914522006044343.jpg;https://hillzimage.blob.core.windows.net/apnamotorsltd/2017-Jaguar-XE-5587121477740948.jpg;https://hillzimage.blob.core.windows.net/apnamotorsltd/2017-Jaguar-XE-39434884484645827.jpg;https://hillzimage.blob.core.windows.net/apnamotorsltd/2017-Jaguar-XE-8544195963406014.jpg;https://hillzimage.blob.core.windows.net/apnamotorsltd/2017-Jaguar-XE-38142701415354163.jpg;https://hillzimage.blob.core.windows.net/apnamotorsltd/2017-Jaguar-XE-7058478966263264.jpg;https://hillzimage.blob.core.windows.net/apnamotorsltd/2017-Jaguar-XE-44459837887962683.jpg;https://hillzimage.blob.core.windows.net/apnamotorsltd/2017-Jaguar-XE-739818503173892.jpg;https://hillzimage.blob.core.windows.net/apnamotorsltd/2017-Jaguar-XE-5871403640980979.jpg;https://hillzimage.blob.core.windows.net/apnamotorsltd/2017-Jaguar-XE-77314268740669.jpg;https://hillzimage.blob.core.windows.net/apnamotorsltd/2017-Jaguar-XE-6155251412772669.jpg;https://hillzimage.blob.core.windows.net/apnamotorsltd/2017-Jaguar-XE-40179356787865794.jpg;https://hillzimage.blob.core.windows.net/apnamotorsltd/2017-Jaguar-XE-279976496499974.jpg;https://hillzimage.blob.core.windows.net/apnamotorsltd/2017-Jaguar-XE-4960555521528096.jpg","4 Cylinder","AWD","4","","Diesel","2.0 L L","","","7.8 L/100KM","5.8 L/100KM","","","Used","","","","","","","Dealer",""
"https://apnamotors.com/cars/used/2015-mercedesbenz-mclass-37668","","2015","","M-Class","4MATIC 4dr ML 350 BlueTEC","","487106","4JGDA2EB0FA487106","92465","28999","","","","","","Gray","Black","","","https://hillzimage.blob.core.windows.net/apnamotorsltd/2015-Mercedes-Benz-M-Class-6329219818445844.jpg;https://hillzimage.blob.core.windows.net/apnamotorsltd/2015-Mercedes-Benz-M-Class-350068115340024.jpg;https://hillzimage.blob.core.windows.net/apnamotorsltd/2015-Mercedes-Benz-M-Class-6167267452916123.jpg;https://hillzimage.blob.core.windows.net/apnamotorsltd/2015-Mercedes-Benz-M-Class-9575056834569806.jpg;https://hillzimage.blob.core.windows.net/apnamotorsltd/2015-Mercedes-Benz-M-Class-500773039481724.jpg;https://hillzimage.blob.core.windows.net/apnamotorsltd/2015-Mercedes-Benz-M-Class-637617606012141.jpg;https://hillzimage.blob.core.windows.net/apnamotorsltd/2015-Mercedes-Benz-M-Class-6042049237737708.jpg;https://hillzimage.blob.core.windows.net/apnamotorsltd/2015-Mercedes-Benz-M-Class-4639754223307233.jpg;https://hillzimage.blob.core.windows.net/apnamotorsltd/2015-Mercedes-Benz-M-Class-9970996601318542.jpg;https://hillzimage.blob.core.windows.net/apnamotorsltd/2015-Mercedes-Benz-M-Class-8494316716440116.jpg;https://hillzimage.blob.core.windows.net/apnamotorsltd/2015-Mercedes-Benz-M-Class-9656946440270988.jpg;https://hillzimage.blob.core.windows.net/apnamotorsltd/2015-Mercedes-Benz-M-Class-18524468000347905.jpg;https://hillzimage.blob.core.windows.net/apnamotorsltd/2015-Mercedes-Benz-M-Class-7673969400052394.jpg;https://hillzimage.blob.core.windows.net/apnamotorsltd/2015-Mercedes-Benz-M-Class-12110924166589432.jpg;https://hillzimage.blob.core.windows.net/apnamotorsltd/2015-Mercedes-Benz-M-Class-6485852969170443.jpg;https://hillzimage.blob.core.windows.net/apnamotorsltd/2015-Mercedes-Benz-M-Class-34711237404026485.jpg","6 Cylinder","AWD","4","","Diesel","3.0 L L","","","11.8 L/100KM","8.5 L/100KM","","","Used","","","","","","","Dealer",""
"https://apnamotors.com/cars/used/2018-bmw-x5-37847","","2018","","X5","XDrive35d DIESEL M Sport PKG","","19066","5UXKS4C51J0Y19066","53750","50799","","","","","","Silver","Black","","","https://hillzimage.blob.core.windows.net/apnamotorsltd/2018-BMW-X5-21716289308236547.jpg;https://hillzimage.blob.core.windows.net/apnamotorsltd/2018-BMW-X5-819228463741017.jpg;https://hillzimage.blob.core.windows.net/apnamotorsltd/2018-BMW-X5-38039452177862665.jpg;https://hillzimage.blob.core.windows.net/apnamotorsltd/2018-BMW-X5-5169892555573905.jpg;https://hillzimage.blob.core.windows.net/apnamotorsltd/2018-BMW-X5-15730235608569565.jpg;https://hillzimage.blob.core.windows.net/apnamotorsltd/2018-BMW-X5-0934564750369482.jpg;https://hillzimage.blob.core.windows.net/apnamotorsltd/2018-BMW-X5-40735737601194133.jpg;https://hillzimage.blob.core.windows.net/apnamotorsltd/2018-BMW-X5-8300673569813544.jpg;https://hillzimage.blob.core.windows.net/apnamotorsltd/2018-BMW-X5-36419342507042574.jpg;https://hillzimage.blob.core.windows.net/apnamotorsltd/2018-BMW-X5-3599222700124012.jpg;https://hillzimage.blob.core.windows.net/apnamotorsltd/2018-BMW-X5-40447714412920055.jpg;https://hillzimage.blob.core.windows.net/apnamotorsltd/2018-BMW-X5-2265344129063387.jpg;https://hillzimage.blob.core.windows.net/apnamotorsltd/2018-BMW-X5-7330449697856403.jpg;https://hillzimage.blob.core.windows.net/apnamotorsltd/2018-BMW-X5-6129770422024605.jpg;https://hillzimage.blob.core.windows.net/apnamotorsltd/2018-BMW-X5-3656524991960204.jpg;https://hillzimage.blob.core.windows.net/apnamotorsltd/2018-BMW-X5-59355835436056.jpg","6 Cylinder","AWD","4","","Diesel Fuel","3.0 L L","","","10.3 L/100KM","8.0 L/100KM","","","Used","","","","","","","Dealer",""
"https://apnamotors.com/cars/used/2021-tesla-model%203-15470","","2021","","Model 3","Standard Range Plus RWD","","982349","5YJ3E1EA0MF982349","19000","52995","","","","","","Black","Black","","","https://hillzimage.blob.core.windows.net/apnamotorsltd/2021-Tesla-Model3-5099742703216594.jpg;https://hillzimage.blob.core.windows.net/apnamotorsltd/2021-Tesla-Model3-4640722529916488.jpg;https://hillzimage.blob.core.windows.net/apnamotorsltd/2021-Tesla-Model3-78970510085891.jpg;https://hillzimage.blob.core.windows.net/apnamotorsltd/2021-Tesla-Model3-5397499992166874.jpg;https://hillzimage.blob.core.windows.net/apnamotorsltd/2021-Tesla-Model3-07211389211744401.jpg;https://hillzimage.blob.core.windows.net/apnamotorsltd/2021-Tesla-Model3-06568429438678436.jpg;https://hillzimage.blob.core.windows.net/apnamotorsltd/2021-Tesla-Model3-8693570534393804.jpg;https://hillzimage.blob.core.windows.net/apnamotorsltd/2021-Tesla-Model3-39720451737081297.jpg;https://hillzimage.blob.core.windows.net/apnamotorsltd/2021-Tesla-Model3-7766268839773687.jpg;https://hillzimage.blob.core.windows.net/apnamotorsltd/2021-Tesla-Model3-27671030370558536.jpg;https://hillzimage.blob.core.windows.net/apnamotorsltd/2021-Tesla-Model3-21013328505055684.jpg","Electric","RWD","4","","Electric","Electric L","","","L/100KM","L/100KM","","","Used","","","","","","","Dealer",""
"https://apnamotors.com/cars/used/2021-tesla-model%203-15521","","2021","","Model 3","Standard Range Plus No PST","","087264","5YJ3E1EA9MF087264","22388","52999","","","","","","White","Black","","","https://hillzimage.blob.core.windows.net/apnamotorsltd/2021-Tesla-Model3-9351918764289626.jpg;https://hillzimage.blob.core.windows.net/apnamotorsltd/2021-Tesla-Model3-15199768448581508.jpg;https://hillzimage.blob.core.windows.net/apnamotorsltd/2021-Tesla-Model3-14843904204020175.jpg;https://hillzimage.blob.core.windows.net/apnamotorsltd/2021-Tesla-Model3-42566840912663295.jpg;https://hillzimage.blob.core.windows.net/apnamotorsltd/2021-Tesla-Model3-8688462267642885.jpg;https://hillzimage.blob.core.windows.net/apnamotorsltd/2021-Tesla-Model3-8571046651814493.jpg;https://hillzimage.blob.core.windows.net/apnamotorsltd/2021-Tesla-Model3-5034398464030079.jpg;https://hillzimage.blob.core.windows.net/apnamotorsltd/2021-Tesla-Model3-18838577516811572.jpg;https://hillzimage.blob.core.windows.net/apnamotorsltd/2021-Tesla-Model3-20492693287649244.jpg","Electric","RWD","4","","Electric","Electric L","","","L/100KM","L/100KM","","","Used","","","","","","","Dealer",""
"https://apnamotors.com/cars/used/2021-tesla-model%203-14063","","2021","","Model 3","Standard Range Plus No PST","","093583","5YJ3E1EA0MF093583","58000","49999","","","","","","White","Black","","","https://hillzimage.blob.core.windows.net/apnamotorsltd/2021-Tesla-Model3-1073633397503373.jpg;https://hillzimage.blob.core.windows.net/apnamotorsltd/2021-Tesla-Model3-3421424533854147.jpg;https://hillzimage.blob.core.windows.net/apnamotorsltd/2021-Tesla-Model3-4660005159047014.jpg;https://hillzimage.blob.core.windows.net/apnamotorsltd/2021-Tesla-Model3-793758248871913.jpg;https://hillzimage.blob.core.windows.net/apnamotorsltd/2021-Tesla-Model3-8552995300213297.jpg;https://hillzimage.blob.core.windows.net/apnamotorsltd/2021-Tesla-Model3-734538635637205.jpg;https://hillzimage.blob.core.windows.net/apnamotorsltd/2021-Tesla-Model3-7274461528629086.jpg;https://hillzimage.blob.core.windows.net/apnamotorsltd/2021-Tesla-Model3-5757526401466111.jpg;https://hillzimage.blob.core.windows.net/apnamotorsltd/2021-Tesla-Model3-05350853732630556.jpg;https://hillzimage.blob.core.windows.net/apnamotorsltd/2021-Tesla-Model3-507152571813474.jpg;https://hillzimage.blob.core.windows.net/apnamotorsltd/2021-Tesla-Model3-3575864843677705.jpg;https://hillzimage.blob.core.windows.net/apnamotorsltd/2021-Tesla-Model3-2943506916143799.jpg;https://hillzimage.blob.core.windows.net/apnamotorsltd/2021-Tesla-Model3-1079931497440263.jpg","Electric","RWD","4","","Electric","Electric L","","","L/100KM","L/100KM","","","Used","","","","","","","Dealer",""
"https://apnamotors.com/cars/used/2019-tesla-model%203-21354","","2019","","Model 3","Standard Range RWD *Ltd Avail*","","411884","5YJ3E1EAXKF411884","53156","44999","","","","","","Blue","Black","","","https://hillzimage.blob.core.windows.net/apnamotorsltd/2019-Tesla-Model3-6701570873896847.jpg;https://hillzimage.blob.core.windows.net/apnamotorsltd/2019-Tesla-Model3-6817053016899624.jpg;https://hillzimage.blob.core.windows.net/apnamotorsltd/2019-Tesla-Model3-1241716003060438.jpg;https://hillzimage.blob.core.windows.net/apnamotorsltd/2019-Tesla-Model3-3143607246001281.jpg;https://hillzimage.blob.core.windows.net/apnamotorsltd/2019-Tesla-Model3-4487234306230301.jpg;https://hillzimage.blob.core.windows.net/apnamotorsltd/2019-Tesla-Model3-9178339730507485.jpg;https://hillzimage.blob.core.windows.net/apnamotorsltd/2019-Tesla-Model3-27496118692935245.jpg;https://hillzimage.blob.core.windows.net/apnamotorsltd/2019-Tesla-Model3-7539190564210785.jpg;https://hillzimage.blob.core.windows.net/apnamotorsltd/2019-Tesla-Model3-18883373847250806.jpg;https://hillzimage.blob.core.windows.net/apnamotorsltd/2019-Tesla-Model3-13632840971864946.jpg","Electric","RWD","4","","Electric","Electric L","","","L/100KM","L/100KM","","","Used","","","","","","","Dealer",""
"https://apnamotors.com/cars/used/2018-honda-civic%20sedan-4428","","2018","","Civic Sedan","Touring CVT","","101076","2HGFC1F94JH106897","86000","26999","","","","","","White","Black","","","https://hillzimage.blob.core.windows.net/apnamotorsltd/2018-Honda-CivicSedan-8663480196834357.jpg;https://hillzimage.blob.core.windows.net/apnamotorsltd/2018-Honda-CivicSedan-9576954298023095.jpg;https://hillzimage.blob.core.windows.net/apnamotorsltd/2018-Honda-CivicSedan-3099869506489248.jpg;https://hillzimage.blob.core.windows.net/apnamotorsltd/2018-Honda-CivicSedan-6821024531696334.jpg;https://hillzimage.blob.core.windows.net/apnamotorsltd/2018-Honda-CivicSedan-6471805891066711.jpg;https://hillzimage.blob.core.windows.net/apnamotorsltd/2018-Honda-CivicSedan-3138051458634672.jpg;https://hillzimage.blob.core.windows.net/apnamotorsltd/2018-Honda-CivicSedan-5244754109544929.jpg;https://hillzimage.blob.core.windows.net/apnamotorsltd/2018-Honda-CivicSedan-7241543173151139.jpg;https://hillzimage.blob.core.windows.net/apnamotorsltd/2018-Honda-CivicSedan-7431835538726588.jpg;https://hillzimage.blob.core.windows.net/apnamotorsltd/2018-Honda-CivicSedan-6330883080108447.jpg;https://hillzimage.blob.core.windows.net/apnamotorsltd/2018-Honda-CivicSedan-22189332759690217.jpg;https://hillzimage.blob.core.windows.net/apnamotorsltd/2018-Honda-CivicSedan-4150460799979223.jpg;https://hillzimage.blob.core.windows.net/apnamotorsltd/2018-Honda-CivicSedan-5604308944388683.jpg;https://hillzimage.blob.core.windows.net/apnamotorsltd/2018-Honda-CivicSedan-6391684224838119.jpg","4 Cylinder","FWD","4","","Gasoline","1.5 L L","","","7.4 L/100KM","5.6 L/100KM","","","Used","","","","","","","Dealer",""
"https://apnamotors.com/cars/used/2019-volkswagen-jetta-37892","","2019","","Jetta","Execline / No Accidents / One Owner","","100005","3VWG57BU7KM100005","152000","21999","","","","","","Gray","Black","","","https://hillzimage.blob.core.windows.net/apnamotorsltd/2019-Volkswagen-Jetta-015744742947626733.jpg;https://hillzimage.blob.core.windows.net/apnamotorsltd/2019-Volkswagen-Jetta-3798538685405479.jpg;https://hillzimage.blob.core.windows.net/apnamotorsltd/2019-Volkswagen-Jetta-4871037125324458.jpg;https://hillzimage.blob.core.windows.net/apnamotorsltd/2019-Volkswagen-Jetta-259759828425318.jpg;https://hillzimage.blob.core.windows.net/apnamotorsltd/2019-Volkswagen-Jetta-4839994037360458.jpg;https://hillzimage.blob.core.windows.net/apnamotorsltd/2019-Volkswagen-Jetta-14080597347353918.jpg;https://hillzimage.blob.core.windows.net/apnamotorsltd/2019-Volkswagen-Jetta-164252455289696.jpg;https://hillzimage.blob.core.windows.net/apnamotorsltd/2019-Volkswagen-Jetta-27575770422054746.jpg;https://hillzimage.blob.core.windows.net/apnamotorsltd/2019-Volkswagen-Jetta-797626927795231.jpg;https://hillzimage.blob.core.windows.net/apnamotorsltd/2019-Volkswagen-Jetta-30843565071097045.jpg;https://hillzimage.blob.core.windows.net/apnamotorsltd/2019-Volkswagen-Jetta-2906435470271742.jpg;https://hillzimage.blob.core.windows.net/apnamotorsltd/2019-Volkswagen-Jetta-22133305493380973.jpg;https://hillzimage.blob.core.windows.net/apnamotorsltd/2019-Volkswagen-Jetta-692457766988845.jpg;https://hillzimage.blob.core.windows.net/apnamotorsltd/2019-Volkswagen-Jetta-6481628622930591.jpg;https://hillzimage.blob.core.windows.net/apnamotorsltd/2019-Volkswagen-Jetta-3375840211459409.jpg","4 Cylinder","FWD","4","","Gasoline Fuel","1.4 L L","","","7.8 L/100KM","5.9 L/100KM","","","Used","","","","","","","Dealer",""
"https://apnamotors.com/cars/used/2019-jaguar-ftype-14975","","2019","","F-TYPE","Coupe R-Dynamic Auto AWD","","55952","SAJD81FV4KCK55952","16000","69999","","","","","","Black","Black","","","https://hillzimage.blob.core.windows.net/apnamotorsltd/2019-Jaguar-F-TYPE-9639247731995693.jpg;https://hillzimage.blob.core.windows.net/apnamotorsltd/2019-Jaguar-F-TYPE-8752600901499028.jpg;https://hillzimage.blob.core.windows.net/apnamotorsltd/2019-Jaguar-F-TYPE-8632807480993381.jpg;https://hillzimage.blob.core.windows.net/apnamotorsltd/2019-Jaguar-F-TYPE-18290651693692705.jpg;https://hillzimage.blob.core.windows.net/apnamotorsltd/2019-Jaguar-F-TYPE-911535752688114.jpg;https://hillzimage.blob.core.windows.net/apnamotorsltd/2019-Jaguar-F-TYPE-359276725185643.jpg;https://hillzimage.blob.core.windows.net/apnamotorsltd/2019-Jaguar-F-TYPE-40538404388008953.jpg;https://hillzimage.blob.core.windows.net/apnamotorsltd/2019-Jaguar-F-TYPE-5259532605313231.jpg;https://hillzimage.blob.core.windows.net/apnamotorsltd/2019-Jaguar-F-TYPE-7629113356483119.jpg;https://hillzimage.blob.core.windows.net/apnamotorsltd/2019-Jaguar-F-TYPE-3287260615283132.jpg;https://hillzimage.blob.core.windows.net/apnamotorsltd/2019-Jaguar-F-TYPE-06820029304905106.jpg;https://hillzimage.blob.core.windows.net/apnamotorsltd/2019-Jaguar-F-TYPE-410051486302051.jpg;https://hillzimage.blob.core.windows.net/apnamotorsltd/2019-Jaguar-F-TYPE-4478020720119218.jpg;https://hillzimage.blob.core.windows.net/apnamotorsltd/2019-Jaguar-F-TYPE-5754651469390553.jpg;https://hillzimage.blob.core.windows.net/apnamotorsltd/2019-Jaguar-F-TYPE-22334633435785922.jpg;https://hillzimage.blob.core.windows.net/apnamotorsltd/2019-Jaguar-F-TYPE-5453056254880679.jpg;https://hillzimage.blob.core.windows.net/apnamotorsltd/2019-Jaguar-F-TYPE-10137816298752855.jpg;https://hillzimage.blob.core.windows.net/apnamotorsltd/2019-Jaguar-F-TYPE-9894366781831889.jpg;https://hillzimage.blob.core.windows.net/apnamotorsltd/2019-Jaguar-F-TYPE-49804289442474814.jpg;https://hillzimage.blob.core.windows.net/apnamotorsltd/2019-Jaguar-F-TYPE-8653995621573864.jpg","6 Cylinder","AWD","2","","Gasoline","3.0 L L","","","13.0 L/100KM","9.2 L/100KM","","","Used","","","","","","","Dealer",""
"https://apnamotors.com/cars/used/2018-land%20rover-range%20rover%20sport-35990","","2018","","Range Rover Sport","Td6 Diesel HSE","","198747","SALWR2RK4JA198747","48500","68999","","","","","","White","Black","","","https://hillzimage.blob.core.windows.net/apnamotorsltd/2018-LandRover-RangeRover-0272804877058197.jpg;https://hillzimage.blob.core.windows.net/apnamotorsltd/2018-LandRover-RangeRover-8263037507051834.jpg;https://hillzimage.blob.core.windows.net/apnamotorsltd/2018-LandRover-RangeRover-9881544306493095.jpg;https://hillzimage.blob.core.windows.net/apnamotorsltd/2018-LandRover-RangeRover-9886460091964078.jpg;https://hillzimage.blob.core.windows.net/apnamotorsltd/2018-LandRover-RangeRover-9566901871184172.jpg;https://hillzimage.blob.core.windows.net/apnamotorsltd/2018-LandRover-RangeRover-5951199017718072.jpg;https://hillzimage.blob.core.windows.net/apnamotorsltd/2018-LandRover-RangeRover-3930053505334079.jpg;https://hillzimage.blob.core.windows.net/apnamotorsltd/2018-LandRover-RangeRover-8630944867319819.jpg;https://hillzimage.blob.core.windows.net/apnamotorsltd/2018-LandRover-RangeRover-24342125943935877.jpg;https://hillzimage.blob.core.windows.net/apnamotorsltd/2018-LandRover-RangeRover-32628079556942824.jpg;https://hillzimage.blob.core.windows.net/apnamotorsltd/2018-LandRover-RangeRover-9723243216248088.jpg;https://hillzimage.blob.core.windows.net/apnamotorsltd/2018-LandRover-RangeRover-7245791042574714.jpg;https://hillzimage.blob.core.windows.net/apnamotorsltd/2018-LandRover-RangeRover-597043853842069.jpg;https://hillzimage.blob.core.windows.net/apnamotorsltd/2018-LandRover-RangeRover-09647181309203079.jpg;https://hillzimage.blob.core.windows.net/apnamotorsltd/2018-LandRover-RangeRover-584359469383618.jpg","6 Cylinder","4X4","4","","Diesel","3.0 L L","","","10.7 L/100KM","8.3 L/100KM","","","Used","","","","","","","Dealer",""
"https://apnamotors.com/cars/used/2014-toyota-rav4-38150","","2014","","RAV4","All Wheel Drive","","159964","2T3BFREV6EW159964","141500","19999","","","","","","Gray","Black","","","https://hillzimage.blob.core.windows.net/apnamotorsltd/2014-Toyota-RAV4-6416955424785735.jpg;https://hillzimage.blob.core.windows.net/apnamotorsltd/2014-Toyota-RAV4-8241840947357664.jpg;https://hillzimage.blob.core.windows.net/apnamotorsltd/2014-Toyota-RAV4-4725734061816762.jpg;https://hillzimage.blob.core.windows.net/apnamotorsltd/2014-Toyota-RAV4-9154272379201776.jpg;https://hillzimage.blob.core.windows.net/apnamotorsltd/2014-Toyota-RAV4-6599663767558859.jpg;https://hillzimage.blob.core.windows.net/apnamotorsltd/2014-Toyota-RAV4-26164841666783567.jpg;https://hillzimage.blob.core.windows.net/apnamotorsltd/2014-Toyota-RAV4-0006402629104136359.jpg;https://hillzimage.blob.core.windows.net/apnamotorsltd/2014-Toyota-RAV4-408465405117574.jpg;https://hillzimage.blob.core.windows.net/apnamotorsltd/2014-Toyota-RAV4-4504592548650943.jpg;https://hillzimage.blob.core.windows.net/apnamotorsltd/2014-Toyota-RAV4-42288988433383734.jpg;https://hillzimage.blob.core.windows.net/apnamotorsltd/2014-Toyota-RAV4-5658004953503188.jpg;https://hillzimage.blob.core.windows.net/apnamotorsltd/2014-Toyota-RAV4-29931076616970365.jpg;https://hillzimage.blob.core.windows.net/apnamotorsltd/2014-Toyota-RAV4-3306880634636069.jpg;https://hillzimage.blob.core.windows.net/apnamotorsltd/2014-Toyota-RAV4-4990977533098735.jpg;https://hillzimage.blob.core.windows.net/apnamotorsltd/2014-Toyota-RAV4-23768420244893873.jpg","4 Cylinder","AWD","4","","Gasoline","2.5 L L","","","9.1 L/100KM","6.8 L/100KM","","","Used","","","","","","","Dealer",""
"https://apnamotors.com/cars/used/2015-nissan-micra-37306","","2015","","Micra","Hatchback","","214344","3N1CK3CP4FL214344","111685","11995","","","","","","Black","Black","","","https://hillzimage.blob.core.windows.net/apnamotorsltd/2015-Nissan-Micra-09165937126693846.jpg;https://hillzimage.blob.core.windows.net/apnamotorsltd/2015-Nissan-Micra-2096451585162138.jpg;https://hillzimage.blob.core.windows.net/apnamotorsltd/2015-Nissan-Micra-19507993160618953.jpg;https://hillzimage.blob.core.windows.net/apnamotorsltd/2015-Nissan-Micra-7777855113517773.jpg;https://hillzimage.blob.core.windows.net/apnamotorsltd/2015-Nissan-Micra-6930761670250434.jpg;https://hillzimage.blob.core.windows.net/apnamotorsltd/2015-Nissan-Micra-156640454384946.jpg;https://hillzimage.blob.core.windows.net/apnamotorsltd/2015-Nissan-Micra-6550205046583455.jpg;https://hillzimage.blob.core.windows.net/apnamotorsltd/2015-Nissan-Micra-5161202007853456.jpg;https://hillzimage.blob.core.windows.net/apnamotorsltd/2015-Nissan-Micra-7941119562708703.jpg;https://hillzimage.blob.core.windows.net/apnamotorsltd/2015-Nissan-Micra-29417216970687066.jpg;https://hillzimage.blob.core.windows.net/apnamotorsltd/2015-Nissan-Micra-6684584818511723.jpg;https://hillzimage.blob.core.windows.net/apnamotorsltd/2015-Nissan-Micra-8657979060851078.jpg;https://hillzimage.blob.core.windows.net/apnamotorsltd/2015-Nissan-Micra-9554664502461374.jpg;https://hillzimage.blob.core.windows.net/apnamotorsltd/2015-Nissan-Micra-18393598213863305.jpg","4 Cylinder","FWD","4","","Gasoline","1.6 L L","","","8.6 L/100KM","6.6 L/100KM","","","Used","","","","","","","Dealer",""
"https://apnamotors.com/cars/used/2018-ram-1500-38147","","2018","","1500","4x4 Crew Cab Hemi LOW 57KMS","","223713","1C6RR7LT9JS223713","57000","29899","","","","","","Metallic Dark Blue","Gray","","","https://hillzimage.blob.core.windows.net/apnamotorsltd/2018-Ram-1500-20419096807998605.jpg;https://hillzimage.blob.core.windows.net/apnamotorsltd/2018-Ram-1500-37788493452678495.jpg;https://hillzimage.blob.core.windows.net/apnamotorsltd/2018-Ram-1500-3234420070916153.jpg;https://hillzimage.blob.core.windows.net/apnamotorsltd/2018-Ram-1500-8684197122419248.jpg;https://hillzimage.blob.core.windows.net/apnamotorsltd/2018-Ram-1500-027535384319094636.jpg;https://hillzimage.blob.core.windows.net/apnamotorsltd/2018-Ram-1500-02828995314281757.jpg;https://hillzimage.blob.core.windows.net/apnamotorsltd/2018-Ram-1500-9778298019431688.jpg;https://hillzimage.blob.core.windows.net/apnamotorsltd/2018-Ram-1500-2750006501332054.jpg;https://hillzimage.blob.core.windows.net/apnamotorsltd/2018-Ram-1500-10712775690009235.jpg;https://hillzimage.blob.core.windows.net/apnamotorsltd/2018-Ram-1500-7548900298112284.jpg","8 Cylinder","4X4","4","","Gasoline Fuel","5.7 L L","","","14.5 L/100KM","10.2 L/100KM","","","Used","","","","","","","Dealer",""
"https://apnamotors.com/cars/used/2012-ford-econoline%20cargo%20van-38141","","2012","","Econoline Cargo Van","E-350 Cargo Van / Natural Gas","","01149","1FTSE3EL6CDB01149","198830","13995","","","","","","White","Gray","","","https://hillzimage.blob.core.windows.net/apnamotorsltd/2012-Ford-EconolineCargo-06812436405306488.jpg;https://hillzimage.blob.core.windows.net/apnamotorsltd/2012-Ford-EconolineCargo-49863493040248974.jpg;https://hillzimage.blob.core.windows.net/apnamotorsltd/2012-Ford-EconolineCargo-130549110351333.jpg;https://hillzimage.blob.core.windows.net/apnamotorsltd/2012-Ford-EconolineCargo-5831506007895622.jpg;https://hillzimage.blob.core.windows.net/apnamotorsltd/2012-Ford-EconolineCargo-307206508950449.jpg;https://hillzimage.blob.core.windows.net/apnamotorsltd/2012-Ford-EconolineCargo-06346950485688341.jpg;https://hillzimage.blob.core.windows.net/apnamotorsltd/2012-Ford-EconolineCargo-25545670091957406.jpg;https://hillzimage.blob.core.windows.net/apnamotorsltd/2012-Ford-EconolineCargo-22647564514855212.jpg;https://hillzimage.blob.core.windows.net/apnamotorsltd/2012-Ford-EconolineCargo-30006125024964625.jpg;https://hillzimage.blob.core.windows.net/apnamotorsltd/2012-Ford-EconolineCargo-10380154089961646.jpg;https://hillzimage.blob.core.windows.net/apnamotorsltd/2012-Ford-EconolineCargo-3010913260915631.jpg;https://hillzimage.blob.core.windows.net/apnamotorsltd/2012-Ford-EconolineCargo-45467068436034785.jpg;https://hillzimage.blob.core.windows.net/apnamotorsltd/2012-Ford-EconolineCargo-3961183261581056.jpg;https://hillzimage.blob.core.windows.net/apnamotorsltd/2012-Ford-EconolineCargo-5095648260313599.jpg;https://hillzimage.blob.core.windows.net/apnamotorsltd/2012-Ford-EconolineCargo-5997655723755619.jpg","8 Cylinder","RWD","3","","Flex Fuel Capability","5.4 L L","","","18.7 L/100KM","13.3 L/100KM","","","Used","","","","","","","Dealer",""
"https://apnamotors.com/cars/used/2014-bmw-5%20series-32487","","2014","","5 Series","4dr Sdn 535i xDrive AWD","","538949","WBA5B3C56ED538949","111000","22799","","","","","","Gray","Beige","","","https://hillzimage.blob.core.windows.net/apnamotorsltd/2014-BMW-5Series-5813807760589873.jpg;https://hillzimage.blob.core.windows.net/apnamotorsltd/2014-BMW-5Series-7555513398004081.jpg;https://hillzimage.blob.core.windows.net/apnamotorsltd/2014-BMW-5Series-5854694547014652.jpg;https://hillzimage.blob.core.windows.net/apnamotorsltd/2014-BMW-5Series-7386194363289191.jpg;https://hillzimage.blob.core.windows.net/apnamotorsltd/2014-BMW-5Series-606042707256985.jpg;https://hillzimage.blob.core.windows.net/apnamotorsltd/2014-BMW-5Series-9357532010146918.jpg;https://hillzimage.blob.core.windows.net/apnamotorsltd/2014-BMW-5Series-7243369583848605.jpg;https://hillzimage.blob.core.windows.net/apnamotorsltd/2014-BMW-5Series-7697715256003081.jpg;https://hillzimage.blob.core.windows.net/apnamotorsltd/2014-BMW-5Series-8136720267019362.jpg;https://hillzimage.blob.core.windows.net/apnamotorsltd/2014-BMW-5Series-3390624297043263.jpg","6 Cylinder","AWD","4","","Gasoline","3.0 L L","","","10.4 L/100KM","6.7 L/100KM","","","Used","","","","","","","Dealer",""
"https://apnamotors.com/cars/used/2016-hyundai-elantra-36439","","2016","","Elantra","4dr Sdn Auto Limited","","639626","KMHDH4AH7GU639626","127113","16999","","","","","","Red","Black","","","https://hillzimage.blob.core.windows.net/apnamotorsltd/2016-Hyundai-Elantra-13748099127426072.jpg;https://hillzimage.blob.core.windows.net/apnamotorsltd/2016-Hyundai-Elantra-9385331391764253.jpg;https://hillzimage.blob.core.windows.net/apnamotorsltd/2016-Hyundai-Elantra-8758463334670468.jpg;https://hillzimage.blob.core.windows.net/apnamotorsltd/2016-Hyundai-Elantra-10227426313260812.jpg;https://hillzimage.blob.core.windows.net/apnamotorsltd/2016-Hyundai-Elantra-48375509218977064.jpg;https://hillzimage.blob.core.windows.net/apnamotorsltd/2016-Hyundai-Elantra-7183368399689845.jpg;https://hillzimage.blob.core.windows.net/apnamotorsltd/2016-Hyundai-Elantra-11905472761128966.jpg;https://hillzimage.blob.core.windows.net/apnamotorsltd/2016-Hyundai-Elantra-5001239548843239.jpg;https://hillzimage.blob.core.windows.net/apnamotorsltd/2016-Hyundai-Elantra-24697381583376532.jpg;https://hillzimage.blob.core.windows.net/apnamotorsltd/2016-Hyundai-Elantra-1374374922148518.jpg;https://hillzimage.blob.core.windows.net/apnamotorsltd/2016-Hyundai-Elantra-1319120218145502.jpg;https://hillzimage.blob.core.windows.net/apnamotorsltd/2016-Hyundai-Elantra-4108990933078307.jpg;https://hillzimage.blob.core.windows.net/apnamotorsltd/2016-Hyundai-Elantra-11416796865235579.jpg;https://hillzimage.blob.core.windows.net/apnamotorsltd/2016-Hyundai-Elantra-6315798562241057.jpg;https://hillzimage.blob.core.windows.net/apnamotorsltd/2016-Hyundai-Elantra-9323939467506914.jpg;https://hillzimage.blob.core.windows.net/apnamotorsltd/2016-Hyundai-Elantra-2793122939579611.jpg","4 Cylinder","FWD","4","","Gasoline","2.0 L L","","","9.7 L/100KM","6.7 L/100KM","","","Used","","","","","","","Dealer",""
"https://apnamotors.com/cars/used/2016-dodge-journey-36406","","2016","","Journey","FWD 4dr SXT","","230164","3C4PDCCG2GT230164","74238","18999","","","","","","Black","Black","","","https://hillzimage.blob.core.windows.net/apnamotorsltd/2016-Dodge-Journey-04618865763211977.jpg;https://hillzimage.blob.core.windows.net/apnamotorsltd/2016-Dodge-Journey-05392355869495846.jpg;https://hillzimage.blob.core.windows.net/apnamotorsltd/2016-Dodge-Journey-5503288520056981.jpg;https://hillzimage.blob.core.windows.net/apnamotorsltd/2016-Dodge-Journey-10018790513464104.jpg;https://hillzimage.blob.core.windows.net/apnamotorsltd/2016-Dodge-Journey-5935597389142591.jpg;https://hillzimage.blob.core.windows.net/apnamotorsltd/2016-Dodge-Journey-6185215935713295.jpg;https://hillzimage.blob.core.windows.net/apnamotorsltd/2016-Dodge-Journey-940569633750749.jpg;https://hillzimage.blob.core.windows.net/apnamotorsltd/2016-Dodge-Journey-06892563710506616.jpg;https://hillzimage.blob.core.windows.net/apnamotorsltd/2016-Dodge-Journey-3859433262669032.jpg;https://hillzimage.blob.core.windows.net/apnamotorsltd/2016-Dodge-Journey-09145765193136146.jpg;https://hillzimage.blob.core.windows.net/apnamotorsltd/2016-Dodge-Journey-7106134594906952.jpg;https://hillzimage.blob.core.windows.net/apnamotorsltd/2016-Dodge-Journey-3525216545632319.jpg;https://hillzimage.blob.core.windows.net/apnamotorsltd/2016-Dodge-Journey-3701024881655066.jpg;https://hillzimage.blob.core.windows.net/apnamotorsltd/2016-Dodge-Journey-20847513535596618.jpg;https://hillzimage.blob.core.windows.net/apnamotorsltd/2016-Dodge-Journey-49462359794654165.jpg","6 Cylinder","FWD","4","","Gasoline","3.6 L L","","","14.2 L/100KM","9.4 L/100KM","","","Used","","","","","","","Dealer",""
"https://apnamotors.com/cars/used/2016-dodge-grand%20caravan-36414","","2016","","Grand Caravan","4dr Wgn SXT","","338278","2C4RDGBG3GR338278","121077","16888","","","","","","Gray","Black","","","https://hillzimage.blob.core.windows.net/apnamotorsltd/2016-Dodge-GrandCaravan-6359826637936321.jpg;https://hillzimage.blob.core.windows.net/apnamotorsltd/2016-Dodge-GrandCaravan-687048064112793.jpg;https://hillzimage.blob.core.windows.net/apnamotorsltd/2016-Dodge-GrandCaravan-3116048391227215.jpg;https://hillzimage.blob.core.windows.net/apnamotorsltd/2016-Dodge-GrandCaravan-012536213717266875.jpg;https://hillzimage.blob.core.windows.net/apnamotorsltd/2016-Dodge-GrandCaravan-5794652183613667.jpg;https://hillzimage.blob.core.windows.net/apnamotorsltd/2016-Dodge-GrandCaravan-9632150767557015.jpg;https://hillzimage.blob.core.windows.net/apnamotorsltd/2016-Dodge-GrandCaravan-7226017654779546.jpg;https://hillzimage.blob.core.windows.net/apnamotorsltd/2016-Dodge-GrandCaravan-08047525981188053.jpg;https://hillzimage.blob.core.windows.net/apnamotorsltd/2016-Dodge-GrandCaravan-7168728243028055.jpg;https://hillzimage.blob.core.windows.net/apnamotorsltd/2016-Dodge-GrandCaravan-9522494454144228.jpg;https://hillzimage.blob.core.windows.net/apnamotorsltd/2016-Dodge-GrandCaravan-3902648011094323.jpg","6 Cylinder","FWD","4","","Gasoline","3.6 L L","","","13.7 L/100KM","9.4 L/100KM","","","Used","","","","","","","Dealer",""
"https://apnamotors.com/cars/used/2020-toyota-corolla-35702","","2020","","Corolla","LE CVT","","139253","5YFBPRBE4LP139253","19394","29999","","","","","","Blue","Black","","","https://hillzimage.blob.core.windows.net/apnamotorsltd/2020-Toyota-Corolla-3766619857267379.jpg;https://hillzimage.blob.core.windows.net/apnamotorsltd/2020-Toyota-Corolla-6782036457992211.jpg;https://hillzimage.blob.core.windows.net/apnamotorsltd/2020-Toyota-Corolla-5294255566961765.jpg;https://hillzimage.blob.core.windows.net/apnamotorsltd/2020-Toyota-Corolla-4720741816716396.jpg;https://hillzimage.blob.core.windows.net/apnamotorsltd/2020-Toyota-Corolla-4486328534771513.jpg;https://hillzimage.blob.core.windows.net/apnamotorsltd/2020-Toyota-Corolla-54112722996427.jpg;https://hillzimage.blob.core.windows.net/apnamotorsltd/2020-Toyota-Corolla-25003061014282313.jpg;https://hillzimage.blob.core.windows.net/apnamotorsltd/2020-Toyota-Corolla-9826906783427569.jpg;https://hillzimage.blob.core.windows.net/apnamotorsltd/2020-Toyota-Corolla-3465518817035791.jpg;https://hillzimage.blob.core.windows.net/apnamotorsltd/2020-Toyota-Corolla-9133094898005898.jpg;https://hillzimage.blob.core.windows.net/apnamotorsltd/2020-Toyota-Corolla-175364210091707.jpg;https://hillzimage.blob.core.windows.net/apnamotorsltd/2020-Toyota-Corolla-049866293524975625.jpg;https://hillzimage.blob.core.windows.net/apnamotorsltd/2020-Toyota-Corolla-7015219422578667.jpg;https://hillzimage.blob.core.windows.net/apnamotorsltd/2020-Toyota-Corolla-3490587364367044.jpg;https://hillzimage.blob.core.windows.net/apnamotorsltd/2020-Toyota-Corolla-9013308230949348.jpg","4 Cylinder","FWD","4","","Gasoline Fuel","1.8 L L","","","7.9 L/100KM","6.0 L/100KM","","","Used","","","","","","","Dealer",""
"https://apnamotors.com/cars/used/2014-dodge-grand%20caravan-32705","","2014","","Grand Caravan","4dr Wgn Crew","","220476","2C4RDGDG6ER220476","99000","17885","","","","","","White","Black","","","https://hillzimage.blob.core.windows.net/apnamotorsltd/2014-Dodge-GrandCaravan-7245905928241723.jpg;https://hillzimage.blob.core.windows.net/apnamotorsltd/2014-Dodge-GrandCaravan-4653525930215894.jpg;https://hillzimage.blob.core.windows.net/apnamotorsltd/2014-Dodge-GrandCaravan-7491815304565925.jpg;https://hillzimage.blob.core.windows.net/apnamotorsltd/2014-Dodge-GrandCaravan-7069468923462023.jpg;https://hillzimage.blob.core.windows.net/apnamotorsltd/2014-Dodge-GrandCaravan-14542255574017382.jpg;https://hillzimage.blob.core.windows.net/apnamotorsltd/2014-Dodge-GrandCaravan-7912753946264102.jpg;https://hillzimage.blob.core.windows.net/apnamotorsltd/2014-Dodge-GrandCaravan-2467580869975441.jpg;https://hillzimage.blob.core.windows.net/apnamotorsltd/2014-Dodge-GrandCaravan-7338906880501079.jpg;https://hillzimage.blob.core.windows.net/apnamotorsltd/2014-Dodge-GrandCaravan-05178422834233931.jpg;https://hillzimage.blob.core.windows.net/apnamotorsltd/2014-Dodge-GrandCaravan-9325640611880766.jpg;https://hillzimage.blob.core.windows.net/apnamotorsltd/2014-Dodge-GrandCaravan-12975045031227372.jpg;https://hillzimage.blob.core.windows.net/apnamotorsltd/2014-Dodge-GrandCaravan-6142840772486389.jpg","6 Cylinder","FWD","4","","Gasoline","3.6 L L","","","12.2 L/100KM","7.9 L/100KM","","","Used","","","","","","","Dealer",""
"https://apnamotors.com/cars/used/2018-mazda-mazda3%20sport-10382","","2018","","Mazda3 Sport","GT Tech Automatic","","254032","3MZBN1M39JM254032","39000","26589","","","","","","Metallic Ultra Blue","Black","","","https://hillzimage.blob.core.windows.net/apnamotorsltd/2018-Mazda-Mazda3Sport-39690508011562664.jpg;https://hillzimage.blob.core.windows.net/apnamotorsltd/2018-Mazda-Mazda3Sport-037826046695033755.jpg;https://hillzimage.blob.core.windows.net/apnamotorsltd/2018-Mazda-Mazda3Sport-29958595359671736.jpg;https://hillzimage.blob.core.windows.net/apnamotorsltd/2018-Mazda-Mazda3Sport-15780322881384556.jpg;https://hillzimage.blob.core.windows.net/apnamotorsltd/2018-Mazda-Mazda3Sport-7618232554860618.jpg;https://hillzimage.blob.core.windows.net/apnamotorsltd/2018-Mazda-Mazda3Sport-7848781512850587.jpg;https://hillzimage.blob.core.windows.net/apnamotorsltd/2018-Mazda-Mazda3Sport-7824001878551112.jpg;https://hillzimage.blob.core.windows.net/apnamotorsltd/2018-Mazda-Mazda3Sport-873313385968387.jpg;https://hillzimage.blob.core.windows.net/apnamotorsltd/2018-Mazda-Mazda3Sport-10350001677193821.jpg;https://hillzimage.blob.core.windows.net/apnamotorsltd/2018-Mazda-Mazda3Sport-8548622169966309.jpg;https://hillzimage.blob.core.windows.net/apnamotorsltd/2018-Mazda-Mazda3Sport-803206569151657.jpg;https://hillzimage.blob.core.windows.net/apnamotorsltd/2018-Mazda-Mazda3Sport-10913062685225938.jpg;https://hillzimage.blob.core.windows.net/apnamotorsltd/2018-Mazda-Mazda3Sport-7652964692590349.jpg;https://hillzimage.blob.core.windows.net/apnamotorsltd/2018-Mazda-Mazda3Sport-5490102468472209.jpg;https://hillzimage.blob.core.windows.net/apnamotorsltd/2018-Mazda-Mazda3Sport-9821900517379385.jpg","4 Cylinder","FWD","4","","Gasoline","2.5 L L","","","L/100KM","L/100KM","","","Used","","","","","","","Dealer",""
"https://apnamotors.com/cars/used/2018-chevrolet-silverado%201500-11695","","2018","","Silverado 1500","4WD Double Cab 143.5"" LT w/1LT","","369634","1GCVKREC3JZ369634","124850","35899","","","","","","Red","Black","","","https://hillzimage.blob.core.windows.net/apnamotorsltd/2018-Chevrolet-Silverado1500-25905707564140346.jpg;https://hillzimage.blob.core.windows.net/apnamotorsltd/2018-Chevrolet-Silverado1500-03207672296836539.jpg;https://hillzimage.blob.core.windows.net/apnamotorsltd/2018-Chevrolet-Silverado1500-045670510162895805.jpg;https://hillzimage.blob.core.windows.net/apnamotorsltd/2018-Chevrolet-Silverado1500-05287792874903996.jpg;https://hillzimage.blob.core.windows.net/apnamotorsltd/2018-Chevrolet-Silverado1500-0312073912338795.jpg;https://hillzimage.blob.core.windows.net/apnamotorsltd/2018-Chevrolet-Silverado1500-23877547839444624.jpg;https://hillzimage.blob.core.windows.net/apnamotorsltd/2018-Chevrolet-Silverado1500-24325113189108372.jpg;https://hillzimage.blob.core.windows.net/apnamotorsltd/2018-Chevrolet-Silverado1500-4639772770009165.jpg;https://hillzimage.blob.core.windows.net/apnamotorsltd/2018-Chevrolet-Silverado1500-9712037321129883.jpg;https://hillzimage.blob.core.windows.net/apnamotorsltd/2018-Chevrolet-Silverado1500-2892548086761597.jpg;https://hillzimage.blob.core.windows.net/apnamotorsltd/2018-Chevrolet-Silverado1500-2902749743724946.jpg;https://hillzimage.blob.core.windows.net/apnamotorsltd/2018-Chevrolet-Silverado1500-9284987365571771.jpg;https://hillzimage.blob.core.windows.net/apnamotorsltd/2018-Chevrolet-Silverado1500-8909001666747358.jpg;https://hillzimage.blob.core.windows.net/apnamotorsltd/2018-Chevrolet-Silverado1500-6582340273734066.jpg;https://hillzimage.blob.core.windows.net/apnamotorsltd/2018-Chevrolet-Silverado1500-09381083510452792.jpg","8 Cylinder","4X4","4","","Gasoline","5.3 L L","","","15.0 L/100KM","10.7 L/100KM","","","Used","","","","","","","Dealer",""
"https://apnamotors.com/cars/used/2018-infiniti-qx60-13321","","2018","","QX60","AWD","","529540","5N1DL0MMXJC529540","64163","35999","","","","","","Black","Black","","","https://hillzimage.blob.core.windows.net/apnamotorsltd/2018-INFINITI-QX60-42411626061784613.jpg;https://hillzimage.blob.core.windows.net/apnamotorsltd/2018-INFINITI-QX60-9575680886844957.jpg;https://hillzimage.blob.core.windows.net/apnamotorsltd/2018-INFINITI-QX60-1140939614356522.jpg;https://hillzimage.blob.core.windows.net/apnamotorsltd/2018-INFINITI-QX60-9279128339215648.jpg;https://hillzimage.blob.core.windows.net/apnamotorsltd/2018-INFINITI-QX60-5209257728118237.jpg;https://hillzimage.blob.core.windows.net/apnamotorsltd/2018-INFINITI-QX60-7425446830734383.jpg;https://hillzimage.blob.core.windows.net/apnamotorsltd/2018-INFINITI-QX60-43823780242459054.jpg;https://hillzimage.blob.core.windows.net/apnamotorsltd/2018-INFINITI-QX60-37094417905983135.jpg;https://hillzimage.blob.core.windows.net/apnamotorsltd/2018-INFINITI-QX60-26242809780041965.jpg;https://hillzimage.blob.core.windows.net/apnamotorsltd/2018-INFINITI-QX60-5222920295533571.jpg;https://hillzimage.blob.core.windows.net/apnamotorsltd/2018-INFINITI-QX60-6229062238050525.jpg;https://hillzimage.blob.core.windows.net/apnamotorsltd/2018-INFINITI-QX60-23422501997822986.jpg;https://hillzimage.blob.core.windows.net/apnamotorsltd/2018-INFINITI-QX60-5581722557231694.jpg;https://hillzimage.blob.core.windows.net/apnamotorsltd/2018-INFINITI-QX60-4794479451332474.jpg;https://hillzimage.blob.core.windows.net/apnamotorsltd/2018-INFINITI-QX60-6872519082620991.jpg;https://hillzimage.blob.core.windows.net/apnamotorsltd/2018-INFINITI-QX60-8687828997317923.jpg;https://hillzimage.blob.core.windows.net/apnamotorsltd/2018-INFINITI-QX60-8180890194866604.jpg;https://hillzimage.blob.core.windows.net/apnamotorsltd/2018-INFINITI-QX60-7549209099251144.jpg;https://hillzimage.blob.core.windows.net/apnamotorsltd/2018-INFINITI-QX60-8046030970212898.jpg;https://hillzimage.blob.core.windows.net/apnamotorsltd/2018-INFINITI-QX60-6091069455277047.jpg","6 Cylinder","AWD","4","","Gasoline","3.5 L L","","","12.5 L/100KM","9.0 L/100KM","","","Used","","","","","","","Dealer",""
"https://apnamotors.com/cars/used/2017-kia-sorento-32714","","2017","","Sorento","AWD 4dr SX V6 7-Seater","","316255","5XYPKDA50HG316255","189085","16999","","","","","","Gray","Black","","","https://hillzimage.blob.core.windows.net/apnamotorsltd/2017-Kia-Sorento-2706383686514924.jpg;https://hillzimage.blob.core.windows.net/apnamotorsltd/2017-Kia-Sorento-6749718021191939.jpg;https://hillzimage.blob.core.windows.net/apnamotorsltd/2017-Kia-Sorento-776139892387613.jpg;https://hillzimage.blob.core.windows.net/apnamotorsltd/2017-Kia-Sorento-6936444265083468.jpg;https://hillzimage.blob.core.windows.net/apnamotorsltd/2017-Kia-Sorento-2200555335079737.jpg;https://hillzimage.blob.core.windows.net/apnamotorsltd/2017-Kia-Sorento-6511930645984592.jpg;https://hillzimage.blob.core.windows.net/apnamotorsltd/2017-Kia-Sorento-5316426461258117.jpg;https://hillzimage.blob.core.windows.net/apnamotorsltd/2017-Kia-Sorento-05760527408224747.jpg;https://hillzimage.blob.core.windows.net/apnamotorsltd/2017-Kia-Sorento-3535499405788818.jpg;https://hillzimage.blob.core.windows.net/apnamotorsltd/2017-Kia-Sorento-5390666653341167.jpg;https://hillzimage.blob.core.windows.net/apnamotorsltd/2017-Kia-Sorento-19205219826226827.jpg;https://hillzimage.blob.core.windows.net/apnamotorsltd/2017-Kia-Sorento-9780744618207946.jpg;https://hillzimage.blob.core.windows.net/apnamotorsltd/2017-Kia-Sorento-020468927200153697.jpg;https://hillzimage.blob.core.windows.net/apnamotorsltd/2017-Kia-Sorento-12693613221165.jpg;https://hillzimage.blob.core.windows.net/apnamotorsltd/2017-Kia-Sorento-9680552623766587.jpg","6 Cylinder","AWD","4","","Gasoline","3.3 L L","","","14.0 L/100KM","10.1 L/100KM","","","Used","","","","","","","Dealer",""
"https://apnamotors.com/cars/used/2017-jeep-wrangler%20unlimited-4430","","2017","","Wrangler Unlimited","4WD 4dr Willys Wheeler","","346206","1C4BJWDG4HL742587","58000","39999","","","","","","White","Black","","","https://hillzimage.blob.core.windows.net/apnamotorsltd/2017-Jeep-WranglerUnlimited-3-056876652548020434.jpg;https://hillzimage.blob.core.windows.net/apnamotorsltd/2017-Jeep-WranglerUnlimited-4-2806420812264223.jpg;https://hillzimage.blob.core.windows.net/apnamotorsltd/2017-Jeep-WranglerUnlimited-5-8299792544839781.jpg;https://hillzimage.blob.core.windows.net/apnamotorsltd/2017-Jeep-WranglerUnlimited-6-17441102817218335.jpg;https://hillzimage.blob.core.windows.net/apnamotorsltd/2017-Jeep-WranglerUnlimited-7-1765354675856623.jpg;https://hillzimage.blob.core.windows.net/apnamotorsltd/2017-Jeep-WranglerUnlimited-8-04158437773384094.jpg;https://hillzimage.blob.core.windows.net/apnamotorsltd/2017-Jeep-WranglerUnlimited-9-10153117702027736.jpg;https://hillzimage.blob.core.windows.net/apnamotorsltd/2017-Jeep-WranglerUnlimited-10-7631321922019394.jpg;https://hillzimage.blob.core.windows.net/apnamotorsltd/2017-Jeep-WranglerUnlimited-11-21954082072430103.jpg;https://hillzimage.blob.core.windows.net/apnamotorsltd/2017-Jeep-WranglerUnlimited-12-19197389962616485.jpg;https://hillzimage.blob.core.windows.net/apnamotorsltd/2017-Jeep-WranglerUnlimited-13-07238997315064122.jpg;https://hillzimage.blob.core.windows.net/apnamotorsltd/2017-Jeep-WranglerUnlimited-14-11672034780421847.jpg;https://hillzimage.blob.core.windows.net/apnamotorsltd/2017-Jeep-WranglerUnlimited-1-8702903562566908.jpg;https://hillzimage.blob.core.windows.net/apnamotorsltd/2017-Jeep-WranglerUnlimited-2-12903704250978332.jpg","6 Cylinder","4X4","4","","Gasoline","3.6 L L","","","14.7 L/100KM","11.4 L/100KM","","","Used","","","","","","","Dealer",""
"https://apnamotors.com/cars/used/2015-chevrolet-cruze-36103","","2015","","Cruze","4dr Sdn 1LT","","292042","1G1PC5SB1F7292042","155000","12999","","","","","","Blue","Black","","","https://hillzimage.blob.core.windows.net/apnamotorsltd/2015-Chevrolet-Cruze-10846623553675472.jpg;https://hillzimage.blob.core.windows.net/apnamotorsltd/2015-Chevrolet-Cruze-5179857391883127.jpg;https://hillzimage.blob.core.windows.net/apnamotorsltd/2015-Chevrolet-Cruze-1423716431625146.jpg;https://hillzimage.blob.core.windows.net/apnamotorsltd/2015-Chevrolet-Cruze-9380713948341357.jpg;https://hillzimage.blob.core.windows.net/apnamotorsltd/2015-Chevrolet-Cruze-20297271822300278.jpg;https://hillzimage.blob.core.windows.net/apnamotorsltd/2015-Chevrolet-Cruze-9639131206434794.jpg;https://hillzimage.blob.core.windows.net/apnamotorsltd/2015-Chevrolet-Cruze-32975636732035496.jpg;https://hillzimage.blob.core.windows.net/apnamotorsltd/2015-Chevrolet-Cruze-5887515257027409.jpg;https://hillzimage.blob.core.windows.net/apnamotorsltd/2015-Chevrolet-Cruze-37410270188035133.jpg;https://hillzimage.blob.core.windows.net/apnamotorsltd/2015-Chevrolet-Cruze-39097662894748186.jpg;https://hillzimage.blob.core.windows.net/apnamotorsltd/2015-Chevrolet-Cruze-3693086380829249.jpg;https://hillzimage.blob.core.windows.net/apnamotorsltd/2015-Chevrolet-Cruze-2531027171485378.jpg;https://hillzimage.blob.core.windows.net/apnamotorsltd/2015-Chevrolet-Cruze-9453900960603421.jpg;https://hillzimage.blob.core.windows.net/apnamotorsltd/2015-Chevrolet-Cruze-13880815235501154.jpg;https://hillzimage.blob.core.windows.net/apnamotorsltd/2015-Chevrolet-Cruze-7976818473151244.jpg","4 Cylinder","FWD","4","","Gasoline","1.4 L L","","","9.0 L/100KM","6.2 L/100KM","","","Used","","","","","","","Dealer",""
"https://apnamotors.com/cars/used/2017-dodge-journey-34917","","2017","","Journey","FWD 4dr SXT","","614773","3C4PDCCG6HT614773","154726","18999","","","","","","Black","Black","","","https://hillzimage.blob.core.windows.net/apnamotorsltd/2017-Dodge-Journey-4021792521122909.jpg;https://hillzimage.blob.core.windows.net/apnamotorsltd/2017-Dodge-Journey-440145773999739.jpg;https://hillzimage.blob.core.windows.net/apnamotorsltd/2017-Dodge-Journey-3170814399748192.jpg;https://hillzimage.blob.core.windows.net/apnamotorsltd/2017-Dodge-Journey-49181902984739034.jpg;https://hillzimage.blob.core.windows.net/apnamotorsltd/2017-Dodge-Journey-7954957588140197.jpg;https://hillzimage.blob.core.windows.net/apnamotorsltd/2017-Dodge-Journey-72700721323755.jpg;https://hillzimage.blob.core.windows.net/apnamotorsltd/2017-Dodge-Journey-7136333520072575.jpg;https://hillzimage.blob.core.windows.net/apnamotorsltd/2017-Dodge-Journey-7374959639741083.jpg;https://hillzimage.blob.core.windows.net/apnamotorsltd/2017-Dodge-Journey-737413729881194.jpg;https://hillzimage.blob.core.windows.net/apnamotorsltd/2017-Dodge-Journey-18932595126538976.jpg;https://hillzimage.blob.core.windows.net/apnamotorsltd/2017-Dodge-Journey-40296803954720795.jpg;https://hillzimage.blob.core.windows.net/apnamotorsltd/2017-Dodge-Journey-6404926724066791.jpg;https://hillzimage.blob.core.windows.net/apnamotorsltd/2017-Dodge-Journey-35878701462694984.jpg;https://hillzimage.blob.core.windows.net/apnamotorsltd/2017-Dodge-Journey-40483994761200326.jpg;https://hillzimage.blob.core.windows.net/apnamotorsltd/2017-Dodge-Journey-004420772487633728.jpg","6 Cylinder","FWD","4","","Gasoline","3.6 L L","","","14.2 L/100KM","9.5 L/100KM","","","Used","","","","","","","Dealer",""
"https://apnamotors.com/cars/used/2014-dodge-journey-34903","","2014","","Journey","AWD 4dr R/T","","128120","3C4PDDFG0ET128120","142672","14999","","","","","","Blue","Black","","","https://hillzimage.blob.core.windows.net/apnamotorsltd/2014-Dodge-Journey-12019674102753153.jpg;https://hillzimage.blob.core.windows.net/apnamotorsltd/2014-Dodge-Journey-9324232006016284.jpg;https://hillzimage.blob.core.windows.net/apnamotorsltd/2014-Dodge-Journey-6545427995882831.jpg;https://hillzimage.blob.core.windows.net/apnamotorsltd/2014-Dodge-Journey-9430801025722166.jpg;https://hillzimage.blob.core.windows.net/apnamotorsltd/2014-Dodge-Journey-6326547127655133.jpg;https://hillzimage.blob.core.windows.net/apnamotorsltd/2014-Dodge-Journey-10790143511480887.jpg;https://hillzimage.blob.core.windows.net/apnamotorsltd/2014-Dodge-Journey-8440684961168072.jpg;https://hillzimage.blob.core.windows.net/apnamotorsltd/2014-Dodge-Journey-07829174154043694.jpg;https://hillzimage.blob.core.windows.net/apnamotorsltd/2014-Dodge-Journey-128927639726383.jpg;https://hillzimage.blob.core.windows.net/apnamotorsltd/2014-Dodge-Journey-6561945915044654.jpg;https://hillzimage.blob.core.windows.net/apnamotorsltd/2014-Dodge-Journey-6541187919377738.jpg;https://hillzimage.blob.core.windows.net/apnamotorsltd/2014-Dodge-Journey-8132027167121685.jpg;https://hillzimage.blob.core.windows.net/apnamotorsltd/2014-Dodge-Journey-8734753917787483.jpg;https://hillzimage.blob.core.windows.net/apnamotorsltd/2014-Dodge-Journey-4421069019589785.jpg;https://hillzimage.blob.core.windows.net/apnamotorsltd/2014-Dodge-Journey-7102662439161807.jpg;https://hillzimage.blob.core.windows.net/apnamotorsltd/2014-Dodge-Journey-9588366770191634.jpg","6 Cylinder","AWD","4","","Gasoline","3.6 L L","","","12.9 L/100KM","8.4 L/100KM","","","Used","","","","","","","Dealer",""
"https://apnamotors.com/cars/used/2011-bmw-3%20series-32470","","2011","","3 Series","4dr Sdn 328i xDrive AWD Classic Ed South Africa","","48985","WBAPK7G55BNN48985","109603","14999","","","","","","Silver","Black","","","https://hillzimage.blob.core.windows.net/apnamotorsltd/2011-BMW-3Series-9907271965568447.jpg;https://hillzimage.blob.core.windows.net/apnamotorsltd/2011-BMW-3Series-10960394223342362.jpg;https://hillzimage.blob.core.windows.net/apnamotorsltd/2011-BMW-3Series-9670894930101048.jpg;https://hillzimage.blob.core.windows.net/apnamotorsltd/2011-BMW-3Series-41479088094200267.jpg;https://hillzimage.blob.core.windows.net/apnamotorsltd/2011-BMW-3Series-21034164523841437.jpg;https://hillzimage.blob.core.windows.net/apnamotorsltd/2011-BMW-3Series-2729320725935045.jpg;https://hillzimage.blob.core.windows.net/apnamotorsltd/2011-BMW-3Series-9204531706509083.jpg;https://hillzimage.blob.core.windows.net/apnamotorsltd/2011-BMW-3Series-18695680502844714.jpg;https://hillzimage.blob.core.windows.net/apnamotorsltd/2011-BMW-3Series-8737438596643214.jpg;https://hillzimage.blob.core.windows.net/apnamotorsltd/2011-BMW-3Series-8326989586247571.jpg;https://hillzimage.blob.core.windows.net/apnamotorsltd/2011-BMW-3Series-9989218661780628.jpg;https://hillzimage.blob.core.windows.net/apnamotorsltd/2011-BMW-3Series-8892223579870464.jpg;https://hillzimage.blob.core.windows.net/apnamotorsltd/2011-BMW-3Series-7326501196143838.jpg;https://hillzimage.blob.core.windows.net/apnamotorsltd/2011-BMW-3Series-5178948476642187.jpg;https://hillzimage.blob.core.windows.net/apnamotorsltd/2011-BMW-3Series-3217225126195884.jpg;https://hillzimage.blob.core.windows.net/apnamotorsltd/2011-BMW-3Series-29435153395675995.jpg;https://hillzimage.blob.core.windows.net/apnamotorsltd/2011-BMW-3Series-644398602352249.jpg","6 Cylinder","AWD","4","","Gasoline","3.0 L L","","","12.3 L/100KM","7.6 L/100KM","","","Used","","","","","","","Dealer",""
"https://apnamotors.com/cars/used/2011-bmw-3%20series-29830","","2011","","3 Series","4dr Sdn 323i RWD","","937784","WBAPG7C53BA937784","90000","12999","","","","","","White","Black","","","https://hillzimage.blob.core.windows.net/apnamotorsltd/2011-BMW-3Series-6982934853072713.jpg;https://hillzimage.blob.core.windows.net/apnamotorsltd/2011-BMW-3Series-9950141822811736.jpg;https://hillzimage.blob.core.windows.net/apnamotorsltd/2011-BMW-3Series-1144082087561269.jpg;https://hillzimage.blob.core.windows.net/apnamotorsltd/2011-BMW-3Series-0548550873287621.jpg;https://hillzimage.blob.core.windows.net/apnamotorsltd/2011-BMW-3Series-5576678291911623.jpg;https://hillzimage.blob.core.windows.net/apnamotorsltd/2011-BMW-3Series-32723370481380276.jpg;https://hillzimage.blob.core.windows.net/apnamotorsltd/2011-BMW-3Series-05155635035373907.jpg;https://hillzimage.blob.core.windows.net/apnamotorsltd/2011-BMW-3Series-12964126004008558.jpg;https://hillzimage.blob.core.windows.net/apnamotorsltd/2011-BMW-3Series-8915821290230741.jpg;https://hillzimage.blob.core.windows.net/apnamotorsltd/2011-BMW-3Series-7948370047170117.jpg;https://hillzimage.blob.core.windows.net/apnamotorsltd/2011-BMW-3Series-5306948016500652.jpg;https://hillzimage.blob.core.windows.net/apnamotorsltd/2011-BMW-3Series-08876351737307808.jpg;https://hillzimage.blob.core.windows.net/apnamotorsltd/2011-BMW-3Series-09714025712456653.jpg;https://hillzimage.blob.core.windows.net/apnamotorsltd/2011-BMW-3Series-24956599076491237.jpg;https://hillzimage.blob.core.windows.net/apnamotorsltd/2011-BMW-3Series-5030810594101847.jpg","6 Cylinder","RWD","4","","Gasoline","2.5 L L","","","11.1 L/100KM","6.9 L/100KM","","","Used","","","","","","","Dealer",""
"https://apnamotors.com/cars/used/2013-mini-cooper%20hardtop-32491","","2013","","Cooper Hardtop","2dr Cpe Knightsbridge Classic","","373667","WMWSU3C51DT373667","93582","11999","","","","","","Red","Black","","","https://hillzimage.blob.core.windows.net/apnamotorsltd/2013-MINI-CooperHardtop-40425261013062164.jpg;https://hillzimage.blob.core.windows.net/apnamotorsltd/2013-MINI-CooperHardtop-10490453969484959.jpg;https://hillzimage.blob.core.windows.net/apnamotorsltd/2013-MINI-CooperHardtop-22847652061558366.jpg;https://hillzimage.blob.core.windows.net/apnamotorsltd/2013-MINI-CooperHardtop-6317772962062604.jpg;https://hillzimage.blob.core.windows.net/apnamotorsltd/2013-MINI-CooperHardtop-9659451728202391.jpg;https://hillzimage.blob.core.windows.net/apnamotorsltd/2013-MINI-CooperHardtop-0591278418703447.jpg;https://hillzimage.blob.core.windows.net/apnamotorsltd/2013-MINI-CooperHardtop-7764710479779926.jpg;https://hillzimage.blob.core.windows.net/apnamotorsltd/2013-MINI-CooperHardtop-23785376037689154.jpg;https://hillzimage.blob.core.windows.net/apnamotorsltd/2013-MINI-CooperHardtop-689424072558382.jpg;https://hillzimage.blob.core.windows.net/apnamotorsltd/2013-MINI-CooperHardtop-8486914041427804.jpg;https://hillzimage.blob.core.windows.net/apnamotorsltd/2013-MINI-CooperHardtop-4227362111525905.jpg;https://hillzimage.blob.core.windows.net/apnamotorsltd/2013-MINI-CooperHardtop-694913052031682.jpg;https://hillzimage.blob.core.windows.net/apnamotorsltd/2013-MINI-CooperHardtop-21945050617029693.jpg","4 Cylinder","FWD","2","","Gasoline","1.6 L L","","","6.8 L/100KM","5.3 L/100KM","","","Used","","","","","","","Dealer",""
"https://apnamotors.com/cars/used/2012-nissan-juke-9186","","2012","","JUKE","5dr Wgn CVT SV AWD","","106736","JN8AF5MVOCT106736","171067","12850","","","","","","Gray","Black","","","https://hillzimage.blob.core.windows.net/apnamotorsltd/2013-MINI-CooperHardtop-40425261013062164.jpg;https://hillzimage.blob.core.windows.net/apnamotorsltd/2013-MINI-CooperHardtop-10490453969484959.jpg;https://hillzimage.blob.core.windows.net/apnamotorsltd/2013-MINI-CooperHardtop-22847652061558366.jpg;https://hillzimage.blob.core.windows.net/apnamotorsltd/2013-MINI-CooperHardtop-6317772962062604.jpg;https://hillzimage.blob.core.windows.net/apnamotorsltd/2013-MINI-CooperHardtop-9659451728202391.jpg;https://hillzimage.blob.core.windows.net/apnamotorsltd/2013-MINI-CooperHardtop-0591278418703447.jpg;https://hillzimage.blob.core.windows.net/apnamotorsltd/2013-MINI-CooperHardtop-7764710479779926.jpg;https://hillzimage.blob.core.windows.net/apnamotorsltd/2013-MINI-CooperHardtop-23785376037689154.jpg;https://hillzimage.blob.core.windows.net/apnamotorsltd/2013-MINI-CooperHardtop-689424072558382.jpg;https://hillzimage.blob.core.windows.net/apnamotorsltd/2013-MINI-CooperHardtop-8486914041427804.jpg;https://hillzimage.blob.core.windows.net/apnamotorsltd/2013-MINI-CooperHardtop-4227362111525905.jpg;https://hillzimage.blob.core.windows.net/apnamotorsltd/2013-MINI-CooperHardtop-694913052031682.jpg;https://hillzimage.blob.core.windows.net/apnamotorsltd/2013-MINI-CooperHardtop-21945050617029693.jpg","4 Cylinder","AWD","4","","Gasoline","1.6 L L","","","25.0 L/100KM","30.0 L/100KM","","","Used","","","","","","","Dealer",""
"https://apnamotors.com/cars/used/2005-chrysler-pacifica-4420","","2005","","Pacifica","4dr Wgn Touring FWD","","407701","2C4GM68405R407701","196107","6495","","","","","","Gold","Black","","","https://hillzimage.blob.core.windows.net/apnamotorsltd/2005-Chrysler-Pacifica-2-6671708040832098.jpg;https://hillzimage.blob.core.windows.net/apnamotorsltd/2005-Chrysler-Pacifica-3-8751643343683688.jpg;https://hillzimage.blob.core.windows.net/apnamotorsltd/2005-Chrysler-Pacifica-4-7224283154070796.jpg;https://hillzimage.blob.core.windows.net/apnamotorsltd/2005-Chrysler-Pacifica-5-5127160380265896.jpg;https://hillzimage.blob.core.windows.net/apnamotorsltd/2005-Chrysler-Pacifica-6-18417633538484424.jpg;https://hillzimage.blob.core.windows.net/apnamotorsltd/2005-Chrysler-Pacifica-7-08443197327590335.jpg;https://hillzimage.blob.core.windows.net/apnamotorsltd/2005-Chrysler-Pacifica-8-5256441515739103.jpg;https://hillzimage.blob.core.windows.net/apnamotorsltd/2005-Chrysler-Pacifica-9-8662293324245325.jpg;https://hillzimage.blob.core.windows.net/apnamotorsltd/2005-Chrysler-Pacifica-10-2721167947037646.jpg;https://hillzimage.blob.core.windows.net/apnamotorsltd/2005-Chrysler-Pacifica-11-885467944095669.jpg;https://hillzimage.blob.core.windows.net/apnamotorsltd/2005-Chrysler-Pacifica-12-010860520300228549.jpg;https://hillzimage.blob.core.windows.net/apnamotorsltd/2005-Chrysler-Pacifica-13-34853407429216765.jpg;https://hillzimage.blob.core.windows.net/apnamotorsltd/2005-Chrysler-Pacifica-14-686465853945849.jpg;https://hillzimage.blob.core.windows.net/apnamotorsltd/2005-Chrysler-Pacifica-15-5808694819972486.jpg;https://hillzimage.blob.core.windows.net/apnamotorsltd/2005-Chrysler-Pacifica-16-9398829692869632.jpg;https://hillzimage.blob.core.windows.net/apnamotorsltd/2005-Chrysler-Pacifica-17-40606045902735466.jpg;https://hillzimage.blob.core.windows.net/apnamotorsltd/2005-Chrysler-Pacifica-18-15801688987311913.jpg;https://hillzimage.blob.core.windows.net/apnamotorsltd/2005-Chrysler-Pacifica-19-790870848095407.jpg;https://hillzimage.blob.core.windows.net/apnamotorsltd/2005-Chrysler-Pacifica-20-5960267379028807.jpg;https://hillzimage.blob.core.windows.net/apnamotorsltd/2005-Chrysler-Pacifica-21-8059350018030855.jpg;https://hillzimage.blob.core.windows.net/apnamotorsltd/2005-Chrysler-Pacifica-22-37563481504416485.jpg;https://hillzimage.blob.core.windows.net/apnamotorsltd/2005-Chrysler-Pacifica-23-3085915895787186.jpg;https://hillzimage.blob.core.windows.net/apnamotorsltd/2005-Chrysler-Pacifica-24-014763495451664221.jpg;https://hillzimage.blob.core.windows.net/apnamotorsltd/2005-Chrysler-Pacifica-25-3486793136607613.jpg;https://hillzimage.blob.core.windows.net/apnamotorsltd/2005-Chrysler-Pacifica-26-007223410236858019.jpg;https://hillzimage.blob.core.windows.net/apnamotorsltd/2005-Chrysler-Pacifica-27-2770371578838884.jpg;https://hillzimage.blob.core.windows.net/apnamotorsltd/2005-Chrysler-Pacifica-28-6751891281085052.jpg;https://hillzimage.blob.core.windows.net/apnamotorsltd/2005-Chrysler-Pacifica-0-19296205000430833.jpg;https://hillzimage.blob.core.windows.net/apnamotorsltd/2005-Chrysler-Pacifica-1-7641474954105125.jpg","6 Cylinder","FWD","4","","Gasoline","3.5 L L","","","14.1 L/100KM","9.4 L/100KM","","","Used","","","","","","","Dealer",""
